{
	"description": "项目配置文件",
	"packOptions": {
		"ignore": []
	},
	"setting": {
		"urlCheck": true,
		"es6": true,
		"postcss": true,
		"minified": true,
		"newFeature": true
	},
	"compileType": "miniprogram",
	"libVersion": "2.0.4",
	"appid": "wx301c1368929fdba8",
	"projectname": "4685456",
	"debugOptions": {
		"hidedInDevtools": []
	},
	"isGameTourist": false,
	"condition": {
		"search": {
			"current": -1,
			"list": []
		},
		"conversation": {
			"current": -1,
			"list": []
		},
		"plugin": {
			"current": -1,
			"list": []
		},
		"game": {
			"currentL": -1,
			"list": []
		},
		"miniprogram": {
			"current": 13,
			"list": [
				{
					"id": -1,
					"name": "茶圈",
					"pathName": "pages/circle/circle",
					"query": ""
				},
				{
					"id": -1,
					"name": "茶会",
					"pathName": "pages/meeting/meeting",
					"query": ""
				},
				{
					"id": -1,
					"name": "详细信息",
					"pathName": "pages/detail/detail",
					"query": ""
				},
				{
					"id": -1,
					"name": "我的",
					"pathName": "pages/mine/mine",
					"query": ""
				},
				{
					"id": -1,
					"name": "会员",
					"pathName": "pages/members/members",
					"query": ""
				},
				{
					"id": -1,
					"name": "code",
					"pathName": "pages/code/code",
					"query": ""
				},
				{
					"id": -1,
					"name": "商品",
					"pathName": "pages/good/good",
					"query": ""
				},
				{
					"id": -1,
					"name": "商品详情",
					"pathName": "pages/goods_detail/goods_detail",
					"query": ""
				},
				{
					"id": -1,
					"name": "添加地址",
					"pathName": "pages/add_address/add_address",
					"query": ""
				},
				{
					"id": -1,
					"name": "地址详情",
					"pathName": "pages/select_address/select_address",
					"query": ""
				},
				{
					"id": -1,
					"name": "jieshuan",
					"pathName": "pages/settlement/settlement",
					"query": ""
				},
				{
					"id": -1,
					"name": "结算",
					"pathName": "pages/settlement/settlement",
					"query": ""
				},
				{
					"id": -1,
					"name": "购物车",
					"pathName": "pages/buy/buy",
					"query": ""
				},
				{
					"id": -1,
					"name": "dd",
					"pathName": "pages/query/query"
				}
			]
		}
	}
}